,Domain Name,Domain Type,Agency,City,State,Latitude,Longitude
16,ADRIANMI.GOV,City,Non-Federal Agency,Adrian,MI,41.8975474,-84.03716828
29,ALGONAC-MI.GOV,City,Non-Federal Agency,Algonac,MI,42.61836994,-82.53101693
37,ALMONTMICHIGAN.GOV,City,Non-Federal Agency,Almont,MI,42.92057662,-83.04492983
115,BATTLECREEK-MI.GOV,City,Non-Federal Agency,Battle Creek,MI,42.32114881,-85.1797069
116,BATTLECREEKMI.GOV,City,Non-Federal Agency,Battle Creek,MI,42.32114881,-85.1797069
119,BAYCOUNTY-MI.GOV,City,Non-Federal Agency,Bay City,MI,43.59446832,-83.88885694
158,BENTONCHARTERTOWNSHIP-MI.GOV,City,Non-Federal Agency,Benton Harbor,MI,42.11670945,-86.4541873
190,BLENDONTOWNSHIP-MI.GOV,City,Non-Federal Agency,Hudsonville,MI,42.87085603,-85.86503658
191,BLISSFIELDMICHIGAN.GOV,City,Non-Federal Agency,Blissfield,MI,41.83254617,-83.86243979
276,BURTONMI.GOV,City,Non-Federal Agency,Burton,MI,42.99946812,-83.61633863
325,CENTERLINE.GOV,City,Non-Federal Agency,Center Line,MI,42.48503777,-83.02769636
375,CITYOFALBIONMI.GOV,City,Non-Federal Agency,albion,MI,42.24309874,-84.75302776
382,CITYOFBENTONHARBORMI.GOV,City,Non-Federal Agency,Benton Harbor,MI,42.11670945,-86.4541873
417,CITYOFHARRISON-MI.GOV,City,Non-Federal Agency,Harrison,MI,44.01918563,-84.79946814
447,CITYOFMIDLANDMI.GOV,City,Non-Federal Agency,Midland,MI,43.61557595,-84.24720964
457,CITYOFNOVI-MI.GOV,City,Non-Federal Agency,Novi,MI,42.48058767,-83.47548762
520,CLINTONTOWNSHIP-MI.GOV,City,Non-Federal Agency,Clinton Township,MI,44.81722582,-84.00527961
550,COMSTOCKMI.GOV,City,Non-Federal Agency,Kalamazoo,MI,42.29170793,-85.58722673
574,CORUNNA-MI.GOV,City,Non-Federal Agency,Corunna,MI,42.98196917,-84.11774713
632,DEERFIELDMICHIGAN.GOV,City,Non-Federal Agency,Deerfield,MI,41.88893967,-83.77882821
639,DELTAMI.GOV,City,Non-Federal Agency,Lansing,MI,42.73253831,-84.55552678
646,DETROITMI.GOV,City,Non-Federal Agency,Detroit,MI,42.3314259,-83.04574876
648,DEXTERMI.GOV,City,Non-Federal Agency,Dexter,MI,42.33836879,-83.88855997
674,DUNDEEVILLAGEMI.GOV,City,Non-Federal Agency,Dundee,MI,41.9572661,-83.65965628
709,EAUCLAIREVILLAGE-MI.GOV,City,Non-Federal Agency,Eau Claire,MI,41.98504664,-86.29973851
711,ECORSEMI.GOV,City,Non-Federal Agency,ECORSE,MI,42.24447562,-83.14575688
786,FERNDALEMI.GOV,City,Non-Federal Agency,Ferndale,MI,42.46058694,-83.13464737
844,FRUITPORTTOWNSHIP-MI.GOV,City,Non-Federal Agency,Fruitport,MI,43.13195886,-86.15477937
866,GEORGETOWN-MI.GOV,City,Non-Federal Agency,Jenison,MI,42.9072488,-85.79197656
894,GPSHORESMI.GOV,City,Non-Federal Agency,Grosse Pointe Shores,MI,42.43669856,-82.87685625
976,HAYESTOWNSHIPMI.GOV,City,Non-Federal Agency,Charlevoix,MI,45.31805837,-85.25839591
1045,HURONTOWNSHIP-MI.GOV,City,Non-Federal Agency,New Boston,MI,42.16253789,-83.40298556
1116,KINROSSTOWNSHIP-MI.GOV,City,Non-Federal Agency,Kincheloe,MI,42.01965757,-86.05213898
1153,LANSINGMI.GOV,City,Non-Federal Agency,Lansing,MI,42.73253831,-84.55552678
1166,LAWTONMI.GOV,City,Non-Federal Agency,Lawton,MI,42.16725797,-85.84694819
1188,LEROYTOWNSHIP-MI.GOV,City,Non-Federal Agency,Webberville,MI,42.66697913,-84.17412713
1251,LUDINGTON-MI.GOV,City,Non-Federal Agency,Ludington,MI,43.9552778,-86.45257644
1262,MACOMB-MI.GOV,City,Non-Federal Agency,Macomb,MI,42.70086562,-82.95908645
1285,MANISTEEMI.GOV,City,Non-Federal Agency,Traverse City,MI,44.76305962,-85.62062727
1388,MONROEMI.GOV,City,Non-Federal Agency,Monroe,MI,41.91642773,-83.39770753
1428,MUNDYTWP-MI.GOV,City,Non-Federal Agency,Swartz Creek,MI,42.95724837,-83.83050612
1435,MUSKEGON-MI.GOV,City,Non-Federal Agency,Muskegon,MI,43.23417629,-86.24838906
1503,NILESTWPMI.GOV,City,Non-Federal Agency,Niles,MI,41.82976992,-86.25417555
1531,NORTHFIELDMI.GOV,City,Non-Federal Agency,Whitmore Lake,MI,42.43947931,-83.74382581
1546,NORWAYMI.GOV,City,Non-Federal Agency,Norway,MI,45.78689877,-87.90373817
1563,OAKPARKMI.GOV,City,Non-Federal Agency,Oak Park,MI,42.45947554,-83.18270759999999
1590,OSCODATOWNSHIPMI.GOV,City,Non-Federal Agency,Oscoda,MI,44.42028904,-83.33079846
1653,PITTSFIELD-MI.GOV,City,Non-Federal Agency,Ann Arbor,MI,42.27755668,-83.74087857
1681,PORTAGE-MI.GOV,City,Non-Federal Agency,Portage,MI,42.20114896,-85.57999587
1682,PORTAGEMI.GOV,City,Non-Federal Agency,Portage,MI,42.20114896,-85.57999587
1792,ROMI.GOV,City,Non-Federal Agency,Royal Oak,MI,42.48947888,-83.14464998
1795,ROSEVILLE-MI.GOV,City,Non-Federal Agency,Roseville,MI,42.49725869,-82.93713740000001
1801,ROYALOAKMI.GOV,City,Non-Federal Agency,Royal Oak,MI,42.48947888,-83.14464998
1842,SAULTSTEMARIE-MI.GOV,City,Non-Federal Agency,Sault Ste Marie,MI,46.50836925,-84.36073907
1859,SEBEWAINGMI.GOV,City,Non-Federal Agency,Sebewaing,MI,43.7322371,-83.45106829
1955,STERLINGHEIGHTSMI.GOV,City,Non-Federal Agency,Sterling Heights,MI,42.58030782,-83.03019814
1970,STURGISMI.GOV,City,Non-Federal Agency,Sturgis,MI,41.79921763,-85.41914865
2078,TRAVERSECITYMI.GOV,City,Non-Federal Agency,Traverse City,MI,44.76305962,-85.62062727
2087,TROYMI.GOV,City,Non-Federal Agency,Troy,MI,42.60558657,-83.14992801
2133,VERMONTVILLE-MI.GOV,City,Non-Federal Agency,Vermontville,MI,42.628917,-85.02415570000001
2157,VILLAGEOFNEWHAVEN-MI.GOV,City,Non-Federal Agency,New Haven,MI,43.09363576,-84.15330748
2199,WATERFORDMI.GOV,City,Non-Federal Agency,Waterford,MI,42.702247,-83.40271558
2312,WYOMINGMI.GOV,City,Non-Federal Agency,Wyoming,MI,42.91335926,-85.70530975
2322,ZILWAUKEEMICHIGAN.GOV,City,Non-Federal Agency,Zilwaukee,MI,43.4764078,-83.92052963
