,Domain Name,Domain Type,Agency,City,State,Latitude,Longitude
7,ABINGDON-VA.GOV,City,Non-Federal Agency,Abingdon,VA,36.70982725,-81.97734557
27,ALEXANDRIAVA.GOV,City,Non-Federal Agency,Alexandria,VA,38.80483684,-77.04691708
39,ALTAVISTAVA.GOV,City,Non-Federal Agency,Altavista,VA,37.11180808,-79.28557643
50,AMHERSTVA.GOV,City,Non-Federal Agency,Amherst,VA,37.58513908,-79.05140821
64,APPOMATTOXVA.GOV,City,Non-Federal Agency,Appomattox,VA,37.35708581,-78.82528977
137,BEDFORDVA.GOV,City,Non-Federal Agency,Bedford,VA,37.33430884,-79.52308785
165,BERRYVILLEVA.GOV,City,Non-Federal Agency,Berryville,VA,39.15176956,-77.98221758
186,BLACKSBURG.GOV,City,Non-Federal Agency,Blacksburg,VA,37.22956713,-80.4139368
255,BUCHANAN-VA.GOV,City,Non-Federal Agency,BUCHANAN,VA,37.5273597,-79.67975945
341,CHARLOTTESVILLEVA.GOV,City,Non-Federal Agency,Charlottesville,VA,38.02930816,-78.47667871
343,CHATHAM-VA.GOV,City,Non-Federal Agency,Chatham,VA,36.82568747,-79.39807994
352,CHESTERFIELD.GOV,City,Non-Federal Agency,Chesterfield,VA,37.21485793,-79.98392796
363,CHINCOTEAGUE-VA.GOV,City,Non-Federal Agency,Chincoteague,VA,37.93317869,-75.37880711
516,CLIFTONFORGEVA.GOV,City,Non-Federal Agency,Clifton Forge,VA,37.81623857,-79.82448911
536,COLONIALHEIGHTSVA.GOV,City,Non-Federal Agency,Colonial Heights,VA,37.26803872,-77.40725861
600,CULPEPERVA.GOV,City,Non-Federal Agency,Culpeper,VA,38.47317577,-77.9966568
617,DANVILLE-VA.GOV,City,Non-Federal Agency,Danville,VA,36.58596674,-79.39501572
618,DANVILLEVA.GOV,City,Non-Federal Agency,Danville,VA,36.58596674,-79.39501572
670,DUMFRIESVA.GOV,City,Non-Federal Agency,Dumfries,VA,38.56761789,-77.32803864
726,ELKTONVA.GOV,City,Non-Federal Agency,Elkton,VA,38.40789557,-78.62362667
763,FAIRFAXVA.GOV,City,Non-Federal Agency,Fairfax,VA,38.84621967,-77.30636856
772,FALLSCHURCHCITYVA.GOV,City,Non-Federal Agency,Falls Church,VA,38.88232897,-77.17108806
773,FALLSCHURCHVA.GOV,City,Non-Federal Agency,Falls Church,VA,38.88232897,-77.17108806
828,FREDERICKSBURGVA.GOV,City,Non-Federal Agency,Fredericksburg,VA,38.30317636,-77.46053838
842,FRONTROYAL-VA.GOV,City,Non-Federal Agency,Front Royal,VA,38.91816829,-78.19443675
843,FRONTROYALVA.GOV,City,Non-Federal Agency,Front Royal,VA,38.91816829,-78.19443675
946,HAMPTON.GOV,City,Non-Federal Agency,Hampton,VA,37.02986585,-76.34521785
950,HAMPTONVA.GOV,City,Non-Federal Agency,Hampton,VA,37.02986585,-76.34521785
954,HANOVERVA.GOV,City,Non-Federal Agency,Hanover,VA,37.76652698,-77.37025839
965,HARRISONBURGVA.GOV,City,Non-Federal Agency,Harrisonburg,VA,38.44956637,-78.8689179
977,HAYSIVIRGINIA.GOV,City,Non-Federal Agency,Haysi,VA,37.20538628,-82.29402746
991,HERNDON-VA.GOV,City,Non-Federal Agency,Herndon,VA,38.96954923,-77.38609698
1023,HOPEWELLVA.GOV,City,Non-Federal Agency,HOPEWELL,VA,37.304319,-77.28719576
1033,HRPDCVA.GOV,City,Non-Federal Agency,Chesapeake,VA,36.81903706,-76.27493859
1179,LEESBURGVA.GOV,City,Non-Federal Agency,Leesburg,VA,39.11565576,-77.56359723
1194,LEXINGTONVA.GOV,City,Non-Federal Agency,Lexington,VA,37.78401693,-79.44281947
1245,LOVETTSVILLEVA.GOV,City,Non-Federal Agency,Lovettsville,VA,39.27259734,-77.63665725
1257,LYNCHBURGVA.GOV,City,Non-Federal Agency,Lynchburg,VA,37.41374929,-79.14224615
1277,MANASSASPARKVA.GOV,City,Non-Federal Agency,Manassas Park,VA,38.78399919,-77.46970856
1278,MANASSASVA.GOV,City,Non-Federal Agency,Manassas,VA,38.75094963,-77.47526557
1310,MARTINSVILLE-VA.GOV,City,Non-Federal Agency,Martinsville,VA,36.69152737,-79.87253584
1349,MIDDLEBURGVA.GOV,City,Non-Federal Agency,Middleburg,VA,38.9687168,-77.73554947
1355,MIDDLETOWNVA.GOV,City,Non-Federal Agency,Middletown,VA,39.02760758,-78.28055911
1487,NEWPORTNEWSVA.GOV,City,Non-Federal Agency,Newport News,VA,36.97875939,-76.42799699999999
1507,NNVA.GOV,City,Non-Federal Agency,Newport News,VA,36.97875939,-76.42799699999999
1514,NORFOLK.GOV,City,Non-Federal Agency,Norfolk,VA,36.84680859,-76.28521567
1516,NORFOLKVA.GOV,City,Non-Federal Agency,Norfolk,VA,36.84680859,-76.28521567
1544,NORTONVA.GOV,City,Non-Federal Agency,Norton,VA,36.93342591,-82.62904973
1567,OCCOQUANVA.GOV,City,Non-Federal Agency,Occoquan,VA,38.68372559,-77.26025665
1633,PETERSBURGVA.GOV,City,Non-Federal Agency,Petersburg,VA,37.22792927,-77.40192658
1680,POQUOSON-VA.GOV,City,Non-Federal Agency,Poquioson,VA,37.12236864,-76.3457758
1692,PORTSMOUTHVA.GOV,City,Non-Federal Agency,Portsmouth,VA,36.8354291,-76.29826902
1693,PORTSMOUTHVIRGINIA.GOV,City,Non-Federal Agency,Portsmouth,VA,36.8354291,-76.29826902
1695,POWHATANVA.GOV,City,Non-Federal Agency,Powhatan,VA,37.33986584,-79.24779778
1712,PURCELLVILLEVA.GOV,City,Non-Federal Agency,Purcellville,VA,39.13676789,-77.71471632
1715,RADFORDVA.GOV,City,Non-Federal Agency,Radford,VA,37.13178631,-80.57644888
1738,REMINGTON-VA.GOV,City,Non-Federal Agency,Remington,VA,38.5337359,-77.80832602
1750,RICHLANDS-VA.GOV,City,Non-Federal Agency,Richlands,VA,37.09316623,-81.79372586
1768,ROANOKEVA.GOV,City,Non-Federal Agency,Roanoke,VA,37.27096796,-79.94142923
1818,SALEMVA.GOV,City,Non-Federal Agency,Salem,VA,37.29346596,-80.05475617
1893,SMITHFIELDVA.GOV,City,Non-Federal Agency,Smithfield,VA,36.98236807,-76.63106848
1973,SUFFOLK-VA.GOV,City,Non-Federal Agency,Suffolk,VA,36.72820812,-76.5835572
1998,TAPPAHANNOCK-VA.GOV,City,Non-Federal Agency,Tappahannock,VA,37.92540788,-76.85912625
2046,TOWNOFHURTVA.GOV,City,Non-Federal Agency,HURT,VA,37.09263978,-79.29640697
2056,TOWNOFORANGEVA.GOV,City,Non-Federal Agency,Orange,VA,38.24540599,-78.11082967
2059,TOWNOFPENNINGTONVA.GOV,City,Non-Federal Agency,Pennington Gap,VA,36.75841844,-83.02710691
2070,TOWNOFTROUTVILLE-VA.GOV,City,Non-Federal Agency,Troutville,VA,37.41818589,-79.87475864
2074,TOWNOFWASHINGTONVA.GOV,City,Non-Federal Agency,Washington,VA,38.71344995,-78.15943886
2076,TOWNOFWOODSTOCKVA.GOV,City,Non-Federal Agency,Woodstock,VA,38.88177552,-78.50583612
2126,URBANNAVA.GOV,City,Non-Federal Agency,Urbanna,VA,37.63763592,-76.57439601
2143,VIENNAVA.GOV,City,Non-Federal Agency,VIENNA,VA,38.90121829,-77.26525571
2167,VINTONVA.GOV,City,Non-Federal Agency,Vinton,VA,37.28096607,-79.89697767
2188,WARRENTONVA.GOV,City,Non-Federal Agency,Warrenton,VA,38.71344995,-77.79526817
2194,WASHINGTONVA.GOV,City,Non-Federal Agency,Washington,VA,38.71344995,-78.15943886
2196,WASHINGTONVIRGINIA.GOV,City,Non-Federal Agency,Washington,VA,38.71344995,-78.15943886
2274,WILLIAMSBURGVA.GOV,City,Non-Federal Agency,Williamsburg,VA,37.27069798,-76.7074582
2288,WINCHESTERVA.GOV,City,Non-Federal Agency,Winchester,VA,39.18565605,-78.16332651
2292,WINDSOR-VA.GOV,City,Non-Federal Agency,Windsor,VA,36.8084765,-76.74411645
